fname,lastname,deptId
name,nam1,2
name2,name3,3
name,nam1,2
name2,name3,3
name,nam1,2
name2,name3,3
name,nam1,2
name2,name3,3
name,nam1,2
name2,name3,3
name,nam1,2
name2,name3,3
name,nam1,2
name2,name3,3
name,nam1,2
name2,name3,3
name,nam1,2
name2,name3,3
name,nam1,2
name2,name3,3
name,nam1,2
name2,name3,3
name,nam1,2
name2,name3,3
name,nam1,2
name2,name3,3
name,nam1,2
name2,name3,3
name,nam1,2
name2,name3,3
name,nam1,2
name2,name3,3
name,nam1,2
name2,name3,3
name,nam1,2
name2,name3,3
name,nam1,2
name2,name3,3
name,nam1,2
name2,name3,3
name,nam1,2
name2,name3,3
name,nam1,2
name2,name3,3
name,nam1,2
name2,name3,3
name,nam1,2
name2,name3,3
name,nam1,2
name2,name3,3
name,nam1,2
name2,name3,3
name,nam1,2
name2,name3,3
name,nam1,2
name2,name3,3
name,nam1,2
name2,name3,3
name,nam1,2
name2,name3,3
name,nam1,2
name2,name3,3
name,nam1,2
name2,name3,3
name,nam1,2
name2,name3,3
name,nam1,2
name2,name3,3
name,nam1,2
name2,name3,3
name,nam1,2
name2,name3,3
name,nam1,2
name2,name3,3
name,nam1,2
name2,name3,3
name,nam1,2
name2,name3,3
name,nam1,2
name2,name3,3
name,nam1,2
name2,name3,3
name,nam1,2
name2,name3,3
name,nam1,2
name2,name3,3
name,nam1,2
name2,name3,3
name,nam1,2
name2,name3,3
name,nam1,2
name2,name3,3
name,nam1,2
name2,name3,3
name,nam1,2
name2,name3,3
name,nam1,2
name2,name3,3
name,nam1,2
name2,name3,3
name,nam1,2
name2,name3,3
name,nam1,2
name2,name3,3
name,nam1,2
name2,name3,3
name,nam1,2
name2,name3,3
name,nam1,2
name2,name3,3
name,nam1,2
name2,name3,3
name,nam1,2
name2,name3,3
name,nam1,2
name2,name3,3
name,nam1,2
name2,name3,3
name,nam1,2
name2,name3,3
name,nam1,2
name2,name3,3
name,nam1,2
name2,name3,3
name,nam1,2
name2,name3,3
name,nam1,2
name2,name3,3
name,nam1,2
name2,name3,3
name,nam1,2
name2,name3,3
name,nam1,2
name2,name3,3
name,nam1,2
name2,name3,3
name,nam1,2
name2,name3,3
name,nam1,2
name2,name3,3
name,nam1,2
name2,name3,3
name,nam1,2
name2,name3,3
name,nam1,2
name2,name3,3
name,nam1,2
name2,name3,3
name,nam1,2
name2,name3,3
name,nam1,2
name2,name3,3
name,nam1,2
name2,name3,3
name,nam1,2
name2,name3,3
name,nam1,2
name2,name3,3
name,nam1,2
name2,name3,3
name,nam1,2
name2,name3,3
name,nam1,2
name2,name3,3
name,nam1,2
name2,name3,3
name,nam1,2
name2,name3,3
name,nam1,2
name2,name3,3
name,nam1,2
name2,name3,3
name,nam1,2
name2,name3,3
name,nam1,2
name2,name3,3
name,nam1,2
name2,name3,3
name,nam1,2
name2,name3,3
name,nam1,2
name2,name3,3
name,nam1,2
name2,name3,3
name,nam1,2
name2,name3,3
name,nam1,2
name2,name3,3
name,nam1,2
name2,name3,3
name,nam1,2
name2,name3,3
name,nam1,2
name2,name3,3
name,nam1,2
name2,name3,3
name,nam1,2
name2,name3,3
name,nam1,2
name,nam1,2
